CONSECUTIVO,CATEGORIA,TIPO ACTIVO,ESTADO FISICO,RESPONSABLE,MARCA / MODELO,DESCRIPCION,CODIGO BARRAS PENDULUM,UBICACION FISICA,SERIE DEL EQUIPO,OBSERVACIONES,NUMERO DE FACTURA,FECHA DE COMPRA,IDPROVEEDOR,,,
1,EQUIPO DE COMPUTO,DIADEMA,492,353,Logitech/Logitech,Diadema,21980,10,,,45234866,07/12/2017,P001443,,",","Insert into PENDUPM.INVENTARIOMAIN(IDINVENTARIO,  IDAREAPRODUCTO, IDPRODUCTO, IDSUBGRUPO, IDPROPIETARIOS, IDSUCURSAL, IDUBICACION, IDMOTIVOMOVTO, IDPROVEEDOR, IDSTATUS, IDRESULTADOVALORACION, IDRESPONSABLE, FCCODIGOBARRAS, NMDESCRIPCION, FCCAJA, FCBUSQUEDA, FDFECREGISTRO, FDFECULTMOVTO, FDFECULTVALORACION, FCCODBAREXPED, FDFECPRESTAMO, FDFECDEVOLUCION, FDFECGESTIONADO, IDDESPACHO, FDDESPACHOGESTION, FCSTATUSGESTION, FCREINSERCION, FDFECREINSERCION, FCLWASOCIA, FCCALIFICACION, IDFOLIOCARGA, IDPROVEEDORACTIVOS, FCFACTURA, FDCOMPRAACTIVO) Values (PENDUPM.SEQINVENTARIOMAIN.NEXTVAL, 270,68, 270, NULL, 1, 102, 275, 'NOTIENE' ,68,NULL,353, '21980', 'Diadema', 'Diadema', 'Diadema',  TO_DATE('11/16/2017 11:02:20', 'MM/DD/YYYY HH24:MI:SS'), TO_DATE('11/16/2017 15:52:23', 'MM/DD/YYYY HH24:MI:SS'), NULL,NULL, NULL, NULL, NULL, '68',NULL, NULL, NULL, NULL, NULL,NULL,171, NULL, '43076' , 'CargaMasiva10');  "
2,EQUIPO DE COMPUTO,DIADEMA,492,353,Logitech/Logitech,Diadema,21981,10,,,45234866,07/12/2017,P001444,,",","Insert into PENDUPM.INVENTARIOMAIN(IDINVENTARIO,  IDAREAPRODUCTO, IDPRODUCTO, IDSUBGRUPO, IDPROPIETARIOS, IDSUCURSAL, IDUBICACION, IDMOTIVOMOVTO, IDPROVEEDOR, IDSTATUS, IDRESULTADOVALORACION, IDRESPONSABLE, FCCODIGOBARRAS, NMDESCRIPCION, FCCAJA, FCBUSQUEDA, FDFECREGISTRO, FDFECULTMOVTO, FDFECULTVALORACION, FCCODBAREXPED, FDFECPRESTAMO, FDFECDEVOLUCION, FDFECGESTIONADO, IDDESPACHO, FDDESPACHOGESTION, FCSTATUSGESTION, FCREINSERCION, FDFECREINSERCION, FCLWASOCIA, FCCALIFICACION, IDFOLIOCARGA, IDPROVEEDORACTIVOS, FCFACTURA, FDCOMPRAACTIVO) Values (PENDUPM.SEQINVENTARIOMAIN.NEXTVAL, 270,68, 270, NULL, 1, 102, 275, 'NOTIENE' ,68,NULL,353, '21981', 'Diadema', 'Diadema', 'Diadema',  TO_DATE('11/16/2017 11:02:20', 'MM/DD/YYYY HH24:MI:SS'), TO_DATE('11/16/2017 15:52:23', 'MM/DD/YYYY HH24:MI:SS'), NULL,NULL, NULL, NULL, NULL, '68',NULL, NULL, NULL, NULL, NULL,NULL,171, NULL, '43076' , 'CargaMasiva10');  "
3,EQUIPO DE COMPUTO,DIADEMA,492,353,Logitech/Logitech,Diadema,21982,10,,,45234866,07/12/2017,P001445,,",","Insert into PENDUPM.INVENTARIOMAIN(IDINVENTARIO,  IDAREAPRODUCTO, IDPRODUCTO, IDSUBGRUPO, IDPROPIETARIOS, IDSUCURSAL, IDUBICACION, IDMOTIVOMOVTO, IDPROVEEDOR, IDSTATUS, IDRESULTADOVALORACION, IDRESPONSABLE, FCCODIGOBARRAS, NMDESCRIPCION, FCCAJA, FCBUSQUEDA, FDFECREGISTRO, FDFECULTMOVTO, FDFECULTVALORACION, FCCODBAREXPED, FDFECPRESTAMO, FDFECDEVOLUCION, FDFECGESTIONADO, IDDESPACHO, FDDESPACHOGESTION, FCSTATUSGESTION, FCREINSERCION, FDFECREINSERCION, FCLWASOCIA, FCCALIFICACION, IDFOLIOCARGA, IDPROVEEDORACTIVOS, FCFACTURA, FDCOMPRAACTIVO) Values (PENDUPM.SEQINVENTARIOMAIN.NEXTVAL, 270,68, 270, NULL, 1, 102, 275, 'NOTIENE' ,68,NULL,353, '21982', 'Diadema', 'Diadema', 'Diadema',  TO_DATE('11/16/2017 11:02:20', 'MM/DD/YYYY HH24:MI:SS'), TO_DATE('11/16/2017 15:52:23', 'MM/DD/YYYY HH24:MI:SS'), NULL,NULL, NULL, NULL, NULL, '68',NULL, NULL, NULL, NULL, NULL,NULL,171, NULL, '43076' , 'CargaMasiva10');  "
4,EQUIPO DE COMPUTO,DIADEMA,492,353,Logitech/Logitech,Diadema,21983,10,,,45234866,07/12/2017,P001446,,",","Insert into PENDUPM.INVENTARIOMAIN(IDINVENTARIO,  IDAREAPRODUCTO, IDPRODUCTO, IDSUBGRUPO, IDPROPIETARIOS, IDSUCURSAL, IDUBICACION, IDMOTIVOMOVTO, IDPROVEEDOR, IDSTATUS, IDRESULTADOVALORACION, IDRESPONSABLE, FCCODIGOBARRAS, NMDESCRIPCION, FCCAJA, FCBUSQUEDA, FDFECREGISTRO, FDFECULTMOVTO, FDFECULTVALORACION, FCCODBAREXPED, FDFECPRESTAMO, FDFECDEVOLUCION, FDFECGESTIONADO, IDDESPACHO, FDDESPACHOGESTION, FCSTATUSGESTION, FCREINSERCION, FDFECREINSERCION, FCLWASOCIA, FCCALIFICACION, IDFOLIOCARGA, IDPROVEEDORACTIVOS, FCFACTURA, FDCOMPRAACTIVO) Values (PENDUPM.SEQINVENTARIOMAIN.NEXTVAL, 270,68, 270, NULL, 1, 102, 275, 'NOTIENE' ,68,NULL,353, '21983', 'Diadema', 'Diadema', 'Diadema',  TO_DATE('11/16/2017 11:02:20', 'MM/DD/YYYY HH24:MI:SS'), TO_DATE('11/16/2017 15:52:23', 'MM/DD/YYYY HH24:MI:SS'), NULL,NULL, NULL, NULL, NULL, '68',NULL, NULL, NULL, NULL, NULL,NULL,171, NULL, '43076' , 'CargaMasiva10');  "
5,EQUIPO DE COMPUTO,DIADEMA,492,353,Logitech/Logitech,Diadema,21984,10,,,45234866,07/12/2017,P001447,,",","Insert into PENDUPM.INVENTARIOMAIN(IDINVENTARIO,  IDAREAPRODUCTO, IDPRODUCTO, IDSUBGRUPO, IDPROPIETARIOS, IDSUCURSAL, IDUBICACION, IDMOTIVOMOVTO, IDPROVEEDOR, IDSTATUS, IDRESULTADOVALORACION, IDRESPONSABLE, FCCODIGOBARRAS, NMDESCRIPCION, FCCAJA, FCBUSQUEDA, FDFECREGISTRO, FDFECULTMOVTO, FDFECULTVALORACION, FCCODBAREXPED, FDFECPRESTAMO, FDFECDEVOLUCION, FDFECGESTIONADO, IDDESPACHO, FDDESPACHOGESTION, FCSTATUSGESTION, FCREINSERCION, FDFECREINSERCION, FCLWASOCIA, FCCALIFICACION, IDFOLIOCARGA, IDPROVEEDORACTIVOS, FCFACTURA, FDCOMPRAACTIVO) Values (PENDUPM.SEQINVENTARIOMAIN.NEXTVAL, 270,68, 270, NULL, 1, 102, 275, 'NOTIENE' ,68,NULL,353, '21984', 'Diadema', 'Diadema', 'Diadema',  TO_DATE('11/16/2017 11:02:20', 'MM/DD/YYYY HH24:MI:SS'), TO_DATE('11/16/2017 15:52:23', 'MM/DD/YYYY HH24:MI:SS'), NULL,NULL, NULL, NULL, NULL, '68',NULL, NULL, NULL, NULL, NULL,NULL,171, NULL, '43076' , 'CargaMasiva10');  "
6,EQUIPO DE COMPUTO,DIADEMA,492,353,Logitech/Logitech,Diadema,21985,10,,,45234866,07/12/2017,P001448,,",","Insert into PENDUPM.INVENTARIOMAIN(IDINVENTARIO,  IDAREAPRODUCTO, IDPRODUCTO, IDSUBGRUPO, IDPROPIETARIOS, IDSUCURSAL, IDUBICACION, IDMOTIVOMOVTO, IDPROVEEDOR, IDSTATUS, IDRESULTADOVALORACION, IDRESPONSABLE, FCCODIGOBARRAS, NMDESCRIPCION, FCCAJA, FCBUSQUEDA, FDFECREGISTRO, FDFECULTMOVTO, FDFECULTVALORACION, FCCODBAREXPED, FDFECPRESTAMO, FDFECDEVOLUCION, FDFECGESTIONADO, IDDESPACHO, FDDESPACHOGESTION, FCSTATUSGESTION, FCREINSERCION, FDFECREINSERCION, FCLWASOCIA, FCCALIFICACION, IDFOLIOCARGA, IDPROVEEDORACTIVOS, FCFACTURA, FDCOMPRAACTIVO) Values (PENDUPM.SEQINVENTARIOMAIN.NEXTVAL, 270,68, 270, NULL, 1, 102, 275, 'NOTIENE' ,68,NULL,353, '21985', 'Diadema', 'Diadema', 'Diadema',  TO_DATE('11/16/2017 11:02:20', 'MM/DD/YYYY HH24:MI:SS'), TO_DATE('11/16/2017 15:52:23', 'MM/DD/YYYY HH24:MI:SS'), NULL,NULL, NULL, NULL, NULL, '68',NULL, NULL, NULL, NULL, NULL,NULL,171, NULL, '43076' , 'CargaMasiva10');  "
7,EQUIPO DE COMPUTO,DIADEMA,492,353,Logitech/Logitech,Diadema,21986,10,,,45234866,07/12/2017,P001449,,",","Insert into PENDUPM.INVENTARIOMAIN(IDINVENTARIO,  IDAREAPRODUCTO, IDPRODUCTO, IDSUBGRUPO, IDPROPIETARIOS, IDSUCURSAL, IDUBICACION, IDMOTIVOMOVTO, IDPROVEEDOR, IDSTATUS, IDRESULTADOVALORACION, IDRESPONSABLE, FCCODIGOBARRAS, NMDESCRIPCION, FCCAJA, FCBUSQUEDA, FDFECREGISTRO, FDFECULTMOVTO, FDFECULTVALORACION, FCCODBAREXPED, FDFECPRESTAMO, FDFECDEVOLUCION, FDFECGESTIONADO, IDDESPACHO, FDDESPACHOGESTION, FCSTATUSGESTION, FCREINSERCION, FDFECREINSERCION, FCLWASOCIA, FCCALIFICACION, IDFOLIOCARGA, IDPROVEEDORACTIVOS, FCFACTURA, FDCOMPRAACTIVO) Values (PENDUPM.SEQINVENTARIOMAIN.NEXTVAL, 270,68, 270, NULL, 1, 102, 275, 'NOTIENE' ,68,NULL,353, '21986', 'Diadema', 'Diadema', 'Diadema',  TO_DATE('11/16/2017 11:02:20', 'MM/DD/YYYY HH24:MI:SS'), TO_DATE('11/16/2017 15:52:23', 'MM/DD/YYYY HH24:MI:SS'), NULL,NULL, NULL, NULL, NULL, '68',NULL, NULL, NULL, NULL, NULL,NULL,171, NULL, '43076' , 'CargaMasiva10');  "
8,EQUIPO DE COMPUTO,DIADEMA,492,353,Logitech/Logitech,Diadema,21987,10,,,45234866,07/12/2017,P001450,,",","Insert into PENDUPM.INVENTARIOMAIN(IDINVENTARIO,  IDAREAPRODUCTO, IDPRODUCTO, IDSUBGRUPO, IDPROPIETARIOS, IDSUCURSAL, IDUBICACION, IDMOTIVOMOVTO, IDPROVEEDOR, IDSTATUS, IDRESULTADOVALORACION, IDRESPONSABLE, FCCODIGOBARRAS, NMDESCRIPCION, FCCAJA, FCBUSQUEDA, FDFECREGISTRO, FDFECULTMOVTO, FDFECULTVALORACION, FCCODBAREXPED, FDFECPRESTAMO, FDFECDEVOLUCION, FDFECGESTIONADO, IDDESPACHO, FDDESPACHOGESTION, FCSTATUSGESTION, FCREINSERCION, FDFECREINSERCION, FCLWASOCIA, FCCALIFICACION, IDFOLIOCARGA, IDPROVEEDORACTIVOS, FCFACTURA, FDCOMPRAACTIVO) Values (PENDUPM.SEQINVENTARIOMAIN.NEXTVAL, 270,68, 270, NULL, 1, 102, 275, 'NOTIENE' ,68,NULL,353, '21987', 'Diadema', 'Diadema', 'Diadema',  TO_DATE('11/16/2017 11:02:20', 'MM/DD/YYYY HH24:MI:SS'), TO_DATE('11/16/2017 15:52:23', 'MM/DD/YYYY HH24:MI:SS'), NULL,NULL, NULL, NULL, NULL, '68',NULL, NULL, NULL, NULL, NULL,NULL,171, NULL, '43076' , 'CargaMasiva10');  "
9,EQUIPO DE COMPUTO,DIADEMA,492,353,Logitech/Logitech,Diadema,21988,10,,,45234866,07/12/2017,P001451,,",","Insert into PENDUPM.INVENTARIOMAIN(IDINVENTARIO,  IDAREAPRODUCTO, IDPRODUCTO, IDSUBGRUPO, IDPROPIETARIOS, IDSUCURSAL, IDUBICACION, IDMOTIVOMOVTO, IDPROVEEDOR, IDSTATUS, IDRESULTADOVALORACION, IDRESPONSABLE, FCCODIGOBARRAS, NMDESCRIPCION, FCCAJA, FCBUSQUEDA, FDFECREGISTRO, FDFECULTMOVTO, FDFECULTVALORACION, FCCODBAREXPED, FDFECPRESTAMO, FDFECDEVOLUCION, FDFECGESTIONADO, IDDESPACHO, FDDESPACHOGESTION, FCSTATUSGESTION, FCREINSERCION, FDFECREINSERCION, FCLWASOCIA, FCCALIFICACION, IDFOLIOCARGA, IDPROVEEDORACTIVOS, FCFACTURA, FDCOMPRAACTIVO) Values (PENDUPM.SEQINVENTARIOMAIN.NEXTVAL, 270,68, 270, NULL, 1, 102, 275, 'NOTIENE' ,68,NULL,353, '21988', 'Diadema', 'Diadema', 'Diadema',  TO_DATE('11/16/2017 11:02:20', 'MM/DD/YYYY HH24:MI:SS'), TO_DATE('11/16/2017 15:52:23', 'MM/DD/YYYY HH24:MI:SS'), NULL,NULL, NULL, NULL, NULL, '68',NULL, NULL, NULL, NULL, NULL,NULL,171, NULL, '43076' , 'CargaMasiva10');  "
10,EQUIPO DE COMPUTO,DIADEMA,492,353,Logitech/Logitech,Diadema,21989,10,,,45234866,07/12/2017,P001452,,",","Insert into PENDUPM.INVENTARIOMAIN(IDINVENTARIO,  IDAREAPRODUCTO, IDPRODUCTO, IDSUBGRUPO, IDPROPIETARIOS, IDSUCURSAL, IDUBICACION, IDMOTIVOMOVTO, IDPROVEEDOR, IDSTATUS, IDRESULTADOVALORACION, IDRESPONSABLE, FCCODIGOBARRAS, NMDESCRIPCION, FCCAJA, FCBUSQUEDA, FDFECREGISTRO, FDFECULTMOVTO, FDFECULTVALORACION, FCCODBAREXPED, FDFECPRESTAMO, FDFECDEVOLUCION, FDFECGESTIONADO, IDDESPACHO, FDDESPACHOGESTION, FCSTATUSGESTION, FCREINSERCION, FDFECREINSERCION, FCLWASOCIA, FCCALIFICACION, IDFOLIOCARGA, IDPROVEEDORACTIVOS, FCFACTURA, FDCOMPRAACTIVO) Values (PENDUPM.SEQINVENTARIOMAIN.NEXTVAL, 270,68, 270, NULL, 1, 102, 275, 'NOTIENE' ,68,NULL,353, '21989', 'Diadema', 'Diadema', 'Diadema',  TO_DATE('11/16/2017 11:02:20', 'MM/DD/YYYY HH24:MI:SS'), TO_DATE('11/16/2017 15:52:23', 'MM/DD/YYYY HH24:MI:SS'), NULL,NULL, NULL, NULL, NULL, '68',NULL, NULL, NULL, NULL, NULL,NULL,171, NULL, '43076' , 'CargaMasiva10');  "
11,EQUIPO DE COMPUTO,DIADEMA,492,353,Logitech/Logitech,Diadema,21990,10,,,45234866,07/12/2017,P001453,,",","Insert into PENDUPM.INVENTARIOMAIN(IDINVENTARIO,  IDAREAPRODUCTO, IDPRODUCTO, IDSUBGRUPO, IDPROPIETARIOS, IDSUCURSAL, IDUBICACION, IDMOTIVOMOVTO, IDPROVEEDOR, IDSTATUS, IDRESULTADOVALORACION, IDRESPONSABLE, FCCODIGOBARRAS, NMDESCRIPCION, FCCAJA, FCBUSQUEDA, FDFECREGISTRO, FDFECULTMOVTO, FDFECULTVALORACION, FCCODBAREXPED, FDFECPRESTAMO, FDFECDEVOLUCION, FDFECGESTIONADO, IDDESPACHO, FDDESPACHOGESTION, FCSTATUSGESTION, FCREINSERCION, FDFECREINSERCION, FCLWASOCIA, FCCALIFICACION, IDFOLIOCARGA, IDPROVEEDORACTIVOS, FCFACTURA, FDCOMPRAACTIVO) Values (PENDUPM.SEQINVENTARIOMAIN.NEXTVAL, 270,68, 270, NULL, 1, 102, 275, 'NOTIENE' ,68,NULL,353, '21990', 'Diadema', 'Diadema', 'Diadema',  TO_DATE('11/16/2017 11:02:20', 'MM/DD/YYYY HH24:MI:SS'), TO_DATE('11/16/2017 15:52:23', 'MM/DD/YYYY HH24:MI:SS'), NULL,NULL, NULL, NULL, NULL, '68',NULL, NULL, NULL, NULL, NULL,NULL,171, NULL, '43076' , 'CargaMasiva10');  "
12,EQUIPO DE COMPUTO,DIADEMA,492,353,Logitech/Logitech,Diadema,21991,10,,,45234866,07/12/2017,P001454,,",","Insert into PENDUPM.INVENTARIOMAIN(IDINVENTARIO,  IDAREAPRODUCTO, IDPRODUCTO, IDSUBGRUPO, IDPROPIETARIOS, IDSUCURSAL, IDUBICACION, IDMOTIVOMOVTO, IDPROVEEDOR, IDSTATUS, IDRESULTADOVALORACION, IDRESPONSABLE, FCCODIGOBARRAS, NMDESCRIPCION, FCCAJA, FCBUSQUEDA, FDFECREGISTRO, FDFECULTMOVTO, FDFECULTVALORACION, FCCODBAREXPED, FDFECPRESTAMO, FDFECDEVOLUCION, FDFECGESTIONADO, IDDESPACHO, FDDESPACHOGESTION, FCSTATUSGESTION, FCREINSERCION, FDFECREINSERCION, FCLWASOCIA, FCCALIFICACION, IDFOLIOCARGA, IDPROVEEDORACTIVOS, FCFACTURA, FDCOMPRAACTIVO) Values (PENDUPM.SEQINVENTARIOMAIN.NEXTVAL, 270,68, 270, NULL, 1, 102, 275, 'NOTIENE' ,68,NULL,353, '21991', 'Diadema', 'Diadema', 'Diadema',  TO_DATE('11/16/2017 11:02:20', 'MM/DD/YYYY HH24:MI:SS'), TO_DATE('11/16/2017 15:52:23', 'MM/DD/YYYY HH24:MI:SS'), NULL,NULL, NULL, NULL, NULL, '68',NULL, NULL, NULL, NULL, NULL,NULL,171, NULL, '43076' , 'CargaMasiva10');  "
13,EQUIPO DE COMPUTO,DIADEMA,492,353,Logitech/Logitech,Diadema,21992,10,,,45234866,07/12/2017,P001455,,",","Insert into PENDUPM.INVENTARIOMAIN(IDINVENTARIO,  IDAREAPRODUCTO, IDPRODUCTO, IDSUBGRUPO, IDPROPIETARIOS, IDSUCURSAL, IDUBICACION, IDMOTIVOMOVTO, IDPROVEEDOR, IDSTATUS, IDRESULTADOVALORACION, IDRESPONSABLE, FCCODIGOBARRAS, NMDESCRIPCION, FCCAJA, FCBUSQUEDA, FDFECREGISTRO, FDFECULTMOVTO, FDFECULTVALORACION, FCCODBAREXPED, FDFECPRESTAMO, FDFECDEVOLUCION, FDFECGESTIONADO, IDDESPACHO, FDDESPACHOGESTION, FCSTATUSGESTION, FCREINSERCION, FDFECREINSERCION, FCLWASOCIA, FCCALIFICACION, IDFOLIOCARGA, IDPROVEEDORACTIVOS, FCFACTURA, FDCOMPRAACTIVO) Values (PENDUPM.SEQINVENTARIOMAIN.NEXTVAL, 270,68, 270, NULL, 1, 102, 275, 'NOTIENE' ,68,NULL,353, '21992', 'Diadema', 'Diadema', 'Diadema',  TO_DATE('11/16/2017 11:02:20', 'MM/DD/YYYY HH24:MI:SS'), TO_DATE('11/16/2017 15:52:23', 'MM/DD/YYYY HH24:MI:SS'), NULL,NULL, NULL, NULL, NULL, '68',NULL, NULL, NULL, NULL, NULL,NULL,171, NULL, '43076' , 'CargaMasiva10');  "
14,EQUIPO DE COMPUTO,DIADEMA,492,353,Logitech/Logitech,Diadema,21993,10,,,45234866,07/12/2017,P001456,,",","Insert into PENDUPM.INVENTARIOMAIN(IDINVENTARIO,  IDAREAPRODUCTO, IDPRODUCTO, IDSUBGRUPO, IDPROPIETARIOS, IDSUCURSAL, IDUBICACION, IDMOTIVOMOVTO, IDPROVEEDOR, IDSTATUS, IDRESULTADOVALORACION, IDRESPONSABLE, FCCODIGOBARRAS, NMDESCRIPCION, FCCAJA, FCBUSQUEDA, FDFECREGISTRO, FDFECULTMOVTO, FDFECULTVALORACION, FCCODBAREXPED, FDFECPRESTAMO, FDFECDEVOLUCION, FDFECGESTIONADO, IDDESPACHO, FDDESPACHOGESTION, FCSTATUSGESTION, FCREINSERCION, FDFECREINSERCION, FCLWASOCIA, FCCALIFICACION, IDFOLIOCARGA, IDPROVEEDORACTIVOS, FCFACTURA, FDCOMPRAACTIVO) Values (PENDUPM.SEQINVENTARIOMAIN.NEXTVAL, 270,68, 270, NULL, 1, 102, 275, 'NOTIENE' ,68,NULL,353, '21993', 'Diadema', 'Diadema', 'Diadema',  TO_DATE('11/16/2017 11:02:20', 'MM/DD/YYYY HH24:MI:SS'), TO_DATE('11/16/2017 15:52:23', 'MM/DD/YYYY HH24:MI:SS'), NULL,NULL, NULL, NULL, NULL, '68',NULL, NULL, NULL, NULL, NULL,NULL,171, NULL, '43076' , 'CargaMasiva10');  "
15,EQUIPO DE COMPUTO,DIADEMA,492,353,Logitech/Logitech,Diadema,21994,10,,,45234866,07/12/2017,P001457,,",","Insert into PENDUPM.INVENTARIOMAIN(IDINVENTARIO,  IDAREAPRODUCTO, IDPRODUCTO, IDSUBGRUPO, IDPROPIETARIOS, IDSUCURSAL, IDUBICACION, IDMOTIVOMOVTO, IDPROVEEDOR, IDSTATUS, IDRESULTADOVALORACION, IDRESPONSABLE, FCCODIGOBARRAS, NMDESCRIPCION, FCCAJA, FCBUSQUEDA, FDFECREGISTRO, FDFECULTMOVTO, FDFECULTVALORACION, FCCODBAREXPED, FDFECPRESTAMO, FDFECDEVOLUCION, FDFECGESTIONADO, IDDESPACHO, FDDESPACHOGESTION, FCSTATUSGESTION, FCREINSERCION, FDFECREINSERCION, FCLWASOCIA, FCCALIFICACION, IDFOLIOCARGA, IDPROVEEDORACTIVOS, FCFACTURA, FDCOMPRAACTIVO) Values (PENDUPM.SEQINVENTARIOMAIN.NEXTVAL, 270,68, 270, NULL, 1, 102, 275, 'NOTIENE' ,68,NULL,353, '21994', 'Diadema', 'Diadema', 'Diadema',  TO_DATE('11/16/2017 11:02:20', 'MM/DD/YYYY HH24:MI:SS'), TO_DATE('11/16/2017 15:52:23', 'MM/DD/YYYY HH24:MI:SS'), NULL,NULL, NULL, NULL, NULL, '68',NULL, NULL, NULL, NULL, NULL,NULL,171, NULL, '43076' , 'CargaMasiva10');  "
16,EQUIPO DE COMPUTO,DIADEMA,492,353,Logitech/Logitech,Diadema,21995,10,,,45234866,07/12/2017,P001458,,",","Insert into PENDUPM.INVENTARIOMAIN(IDINVENTARIO,  IDAREAPRODUCTO, IDPRODUCTO, IDSUBGRUPO, IDPROPIETARIOS, IDSUCURSAL, IDUBICACION, IDMOTIVOMOVTO, IDPROVEEDOR, IDSTATUS, IDRESULTADOVALORACION, IDRESPONSABLE, FCCODIGOBARRAS, NMDESCRIPCION, FCCAJA, FCBUSQUEDA, FDFECREGISTRO, FDFECULTMOVTO, FDFECULTVALORACION, FCCODBAREXPED, FDFECPRESTAMO, FDFECDEVOLUCION, FDFECGESTIONADO, IDDESPACHO, FDDESPACHOGESTION, FCSTATUSGESTION, FCREINSERCION, FDFECREINSERCION, FCLWASOCIA, FCCALIFICACION, IDFOLIOCARGA, IDPROVEEDORACTIVOS, FCFACTURA, FDCOMPRAACTIVO) Values (PENDUPM.SEQINVENTARIOMAIN.NEXTVAL, 270,68, 270, NULL, 1, 102, 275, 'NOTIENE' ,68,NULL,353, '21995', 'Diadema', 'Diadema', 'Diadema',  TO_DATE('11/16/2017 11:02:20', 'MM/DD/YYYY HH24:MI:SS'), TO_DATE('11/16/2017 15:52:23', 'MM/DD/YYYY HH24:MI:SS'), NULL,NULL, NULL, NULL, NULL, '68',NULL, NULL, NULL, NULL, NULL,NULL,171, NULL, '43076' , 'CargaMasiva10');  "
17,EQUIPO DE COMPUTO,DIADEMA,492,353,Logitech/Logitech,Diadema,21996,10,,,45234866,07/12/2017,P001459,,",","Insert into PENDUPM.INVENTARIOMAIN(IDINVENTARIO,  IDAREAPRODUCTO, IDPRODUCTO, IDSUBGRUPO, IDPROPIETARIOS, IDSUCURSAL, IDUBICACION, IDMOTIVOMOVTO, IDPROVEEDOR, IDSTATUS, IDRESULTADOVALORACION, IDRESPONSABLE, FCCODIGOBARRAS, NMDESCRIPCION, FCCAJA, FCBUSQUEDA, FDFECREGISTRO, FDFECULTMOVTO, FDFECULTVALORACION, FCCODBAREXPED, FDFECPRESTAMO, FDFECDEVOLUCION, FDFECGESTIONADO, IDDESPACHO, FDDESPACHOGESTION, FCSTATUSGESTION, FCREINSERCION, FDFECREINSERCION, FCLWASOCIA, FCCALIFICACION, IDFOLIOCARGA, IDPROVEEDORACTIVOS, FCFACTURA, FDCOMPRAACTIVO) Values (PENDUPM.SEQINVENTARIOMAIN.NEXTVAL, 270,68, 270, NULL, 1, 102, 275, 'NOTIENE' ,68,NULL,353, '21996', 'Diadema', 'Diadema', 'Diadema',  TO_DATE('11/16/2017 11:02:20', 'MM/DD/YYYY HH24:MI:SS'), TO_DATE('11/16/2017 15:52:23', 'MM/DD/YYYY HH24:MI:SS'), NULL,NULL, NULL, NULL, NULL, '68',NULL, NULL, NULL, NULL, NULL,NULL,171, NULL, '43076' , 'CargaMasiva10');  "
18,EQUIPO DE COMPUTO,DIADEMA,492,353,Logitech/Logitech,Diadema,21997,10,,,45234866,07/12/2017,P001460,,",","Insert into PENDUPM.INVENTARIOMAIN(IDINVENTARIO,  IDAREAPRODUCTO, IDPRODUCTO, IDSUBGRUPO, IDPROPIETARIOS, IDSUCURSAL, IDUBICACION, IDMOTIVOMOVTO, IDPROVEEDOR, IDSTATUS, IDRESULTADOVALORACION, IDRESPONSABLE, FCCODIGOBARRAS, NMDESCRIPCION, FCCAJA, FCBUSQUEDA, FDFECREGISTRO, FDFECULTMOVTO, FDFECULTVALORACION, FCCODBAREXPED, FDFECPRESTAMO, FDFECDEVOLUCION, FDFECGESTIONADO, IDDESPACHO, FDDESPACHOGESTION, FCSTATUSGESTION, FCREINSERCION, FDFECREINSERCION, FCLWASOCIA, FCCALIFICACION, IDFOLIOCARGA, IDPROVEEDORACTIVOS, FCFACTURA, FDCOMPRAACTIVO) Values (PENDUPM.SEQINVENTARIOMAIN.NEXTVAL, 270,68, 270, NULL, 1, 102, 275, 'NOTIENE' ,68,NULL,353, '21997', 'Diadema', 'Diadema', 'Diadema',  TO_DATE('11/16/2017 11:02:20', 'MM/DD/YYYY HH24:MI:SS'), TO_DATE('11/16/2017 15:52:23', 'MM/DD/YYYY HH24:MI:SS'), NULL,NULL, NULL, NULL, NULL, '68',NULL, NULL, NULL, NULL, NULL,NULL,171, NULL, '43076' , 'CargaMasiva10');  "
19,EQUIPO DE COMPUTO,DIADEMA,492,353,Logitech/Logitech,Diadema,21998,10,,,45234976,07/12/2017,P001461,,",","Insert into PENDUPM.INVENTARIOMAIN(IDINVENTARIO,  IDAREAPRODUCTO, IDPRODUCTO, IDSUBGRUPO, IDPROPIETARIOS, IDSUCURSAL, IDUBICACION, IDMOTIVOMOVTO, IDPROVEEDOR, IDSTATUS, IDRESULTADOVALORACION, IDRESPONSABLE, FCCODIGOBARRAS, NMDESCRIPCION, FCCAJA, FCBUSQUEDA, FDFECREGISTRO, FDFECULTMOVTO, FDFECULTVALORACION, FCCODBAREXPED, FDFECPRESTAMO, FDFECDEVOLUCION, FDFECGESTIONADO, IDDESPACHO, FDDESPACHOGESTION, FCSTATUSGESTION, FCREINSERCION, FDFECREINSERCION, FCLWASOCIA, FCCALIFICACION, IDFOLIOCARGA, IDPROVEEDORACTIVOS, FCFACTURA, FDCOMPRAACTIVO) Values (PENDUPM.SEQINVENTARIOMAIN.NEXTVAL, 270,68, 270, NULL, 1, 102, 275, 'NOTIENE' ,68,NULL,353, '21998', 'Diadema', 'Diadema', 'Diadema',  TO_DATE('11/16/2017 11:02:20', 'MM/DD/YYYY HH24:MI:SS'), TO_DATE('11/16/2017 15:52:23', 'MM/DD/YYYY HH24:MI:SS'), NULL,NULL, NULL, NULL, NULL, '68',NULL, NULL, NULL, NULL, NULL,NULL,171, NULL, '43076' , 'CargaMasiva10');  "
20,EQUIPO DE COMPUTO,DIADEMA,492,353,Logitech/Logitech,Diadema,21999,10,,,45234976,07/12/2017,P001462,,",","Insert into PENDUPM.INVENTARIOMAIN(IDINVENTARIO,  IDAREAPRODUCTO, IDPRODUCTO, IDSUBGRUPO, IDPROPIETARIOS, IDSUCURSAL, IDUBICACION, IDMOTIVOMOVTO, IDPROVEEDOR, IDSTATUS, IDRESULTADOVALORACION, IDRESPONSABLE, FCCODIGOBARRAS, NMDESCRIPCION, FCCAJA, FCBUSQUEDA, FDFECREGISTRO, FDFECULTMOVTO, FDFECULTVALORACION, FCCODBAREXPED, FDFECPRESTAMO, FDFECDEVOLUCION, FDFECGESTIONADO, IDDESPACHO, FDDESPACHOGESTION, FCSTATUSGESTION, FCREINSERCION, FDFECREINSERCION, FCLWASOCIA, FCCALIFICACION, IDFOLIOCARGA, IDPROVEEDORACTIVOS, FCFACTURA, FDCOMPRAACTIVO) Values (PENDUPM.SEQINVENTARIOMAIN.NEXTVAL, 270,68, 270, NULL, 1, 102, 275, 'NOTIENE' ,68,NULL,353, '21999', 'Diadema', 'Diadema', 'Diadema',  TO_DATE('11/16/2017 11:02:20', 'MM/DD/YYYY HH24:MI:SS'), TO_DATE('11/16/2017 15:52:23', 'MM/DD/YYYY HH24:MI:SS'), NULL,NULL, NULL, NULL, NULL, '68',NULL, NULL, NULL, NULL, NULL,NULL,171, NULL, '43076' , 'CargaMasiva10');  "
21,EQUIPO DE COMPUTO,DIADEMA,492,353,Logitech/Logitech,Diadema,22000,10,,,45234976,07/12/2017,P001463,,",","Insert into PENDUPM.INVENTARIOMAIN(IDINVENTARIO,  IDAREAPRODUCTO, IDPRODUCTO, IDSUBGRUPO, IDPROPIETARIOS, IDSUCURSAL, IDUBICACION, IDMOTIVOMOVTO, IDPROVEEDOR, IDSTATUS, IDRESULTADOVALORACION, IDRESPONSABLE, FCCODIGOBARRAS, NMDESCRIPCION, FCCAJA, FCBUSQUEDA, FDFECREGISTRO, FDFECULTMOVTO, FDFECULTVALORACION, FCCODBAREXPED, FDFECPRESTAMO, FDFECDEVOLUCION, FDFECGESTIONADO, IDDESPACHO, FDDESPACHOGESTION, FCSTATUSGESTION, FCREINSERCION, FDFECREINSERCION, FCLWASOCIA, FCCALIFICACION, IDFOLIOCARGA, IDPROVEEDORACTIVOS, FCFACTURA, FDCOMPRAACTIVO) Values (PENDUPM.SEQINVENTARIOMAIN.NEXTVAL, 270,68, 270, NULL, 1, 102, 275, 'NOTIENE' ,68,NULL,353, '22000', 'Diadema', 'Diadema', 'Diadema',  TO_DATE('11/16/2017 11:02:20', 'MM/DD/YYYY HH24:MI:SS'), TO_DATE('11/16/2017 15:52:23', 'MM/DD/YYYY HH24:MI:SS'), NULL,NULL, NULL, NULL, NULL, '68',NULL, NULL, NULL, NULL, NULL,NULL,171, NULL, '43076' , 'CargaMasiva10');  "
22,EQUIPO DE COMPUTO,DIADEMA,492,353,Logitech/Logitech,Diadema,22001,10,,,45234976,07/12/2017,P001464,,",","Insert into PENDUPM.INVENTARIOMAIN(IDINVENTARIO,  IDAREAPRODUCTO, IDPRODUCTO, IDSUBGRUPO, IDPROPIETARIOS, IDSUCURSAL, IDUBICACION, IDMOTIVOMOVTO, IDPROVEEDOR, IDSTATUS, IDRESULTADOVALORACION, IDRESPONSABLE, FCCODIGOBARRAS, NMDESCRIPCION, FCCAJA, FCBUSQUEDA, FDFECREGISTRO, FDFECULTMOVTO, FDFECULTVALORACION, FCCODBAREXPED, FDFECPRESTAMO, FDFECDEVOLUCION, FDFECGESTIONADO, IDDESPACHO, FDDESPACHOGESTION, FCSTATUSGESTION, FCREINSERCION, FDFECREINSERCION, FCLWASOCIA, FCCALIFICACION, IDFOLIOCARGA, IDPROVEEDORACTIVOS, FCFACTURA, FDCOMPRAACTIVO) Values (PENDUPM.SEQINVENTARIOMAIN.NEXTVAL, 270,68, 270, NULL, 1, 102, 275, 'NOTIENE' ,68,NULL,353, '22001', 'Diadema', 'Diadema', 'Diadema',  TO_DATE('11/16/2017 11:02:20', 'MM/DD/YYYY HH24:MI:SS'), TO_DATE('11/16/2017 15:52:23', 'MM/DD/YYYY HH24:MI:SS'), NULL,NULL, NULL, NULL, NULL, '68',NULL, NULL, NULL, NULL, NULL,NULL,171, NULL, '43076' , 'CargaMasiva10');  "
23,EQUIPO DE COMPUTO,DIADEMA,492,353,Logitech/Logitech,Diadema,22002,10,,,45234976,07/12/2017,P001465,,",","Insert into PENDUPM.INVENTARIOMAIN(IDINVENTARIO,  IDAREAPRODUCTO, IDPRODUCTO, IDSUBGRUPO, IDPROPIETARIOS, IDSUCURSAL, IDUBICACION, IDMOTIVOMOVTO, IDPROVEEDOR, IDSTATUS, IDRESULTADOVALORACION, IDRESPONSABLE, FCCODIGOBARRAS, NMDESCRIPCION, FCCAJA, FCBUSQUEDA, FDFECREGISTRO, FDFECULTMOVTO, FDFECULTVALORACION, FCCODBAREXPED, FDFECPRESTAMO, FDFECDEVOLUCION, FDFECGESTIONADO, IDDESPACHO, FDDESPACHOGESTION, FCSTATUSGESTION, FCREINSERCION, FDFECREINSERCION, FCLWASOCIA, FCCALIFICACION, IDFOLIOCARGA, IDPROVEEDORACTIVOS, FCFACTURA, FDCOMPRAACTIVO) Values (PENDUPM.SEQINVENTARIOMAIN.NEXTVAL, 270,68, 270, NULL, 1, 102, 275, 'NOTIENE' ,68,NULL,353, '22002', 'Diadema', 'Diadema', 'Diadema',  TO_DATE('11/16/2017 11:02:20', 'MM/DD/YYYY HH24:MI:SS'), TO_DATE('11/16/2017 15:52:23', 'MM/DD/YYYY HH24:MI:SS'), NULL,NULL, NULL, NULL, NULL, '68',NULL, NULL, NULL, NULL, NULL,NULL,171, NULL, '43076' , 'CargaMasiva10');  "
24,EQUIPO DE COMPUTO,DIADEMA,492,353,Logitech/Logitech,Diadema,22003,10,,,45234976,07/12/2017,P001466,,",","Insert into PENDUPM.INVENTARIOMAIN(IDINVENTARIO,  IDAREAPRODUCTO, IDPRODUCTO, IDSUBGRUPO, IDPROPIETARIOS, IDSUCURSAL, IDUBICACION, IDMOTIVOMOVTO, IDPROVEEDOR, IDSTATUS, IDRESULTADOVALORACION, IDRESPONSABLE, FCCODIGOBARRAS, NMDESCRIPCION, FCCAJA, FCBUSQUEDA, FDFECREGISTRO, FDFECULTMOVTO, FDFECULTVALORACION, FCCODBAREXPED, FDFECPRESTAMO, FDFECDEVOLUCION, FDFECGESTIONADO, IDDESPACHO, FDDESPACHOGESTION, FCSTATUSGESTION, FCREINSERCION, FDFECREINSERCION, FCLWASOCIA, FCCALIFICACION, IDFOLIOCARGA, IDPROVEEDORACTIVOS, FCFACTURA, FDCOMPRAACTIVO) Values (PENDUPM.SEQINVENTARIOMAIN.NEXTVAL, 270,68, 270, NULL, 1, 102, 275, 'NOTIENE' ,68,NULL,353, '22003', 'Diadema', 'Diadema', 'Diadema',  TO_DATE('11/16/2017 11:02:20', 'MM/DD/YYYY HH24:MI:SS'), TO_DATE('11/16/2017 15:52:23', 'MM/DD/YYYY HH24:MI:SS'), NULL,NULL, NULL, NULL, NULL, '68',NULL, NULL, NULL, NULL, NULL,NULL,171, NULL, '43076' , 'CargaMasiva10');  "
25,EQUIPO DE COMPUTO,DIADEMA,492,353,Logitech/Logitech,Diadema,22004,10,,,45234976,07/12/2017,P001467,,",","Insert into PENDUPM.INVENTARIOMAIN(IDINVENTARIO,  IDAREAPRODUCTO, IDPRODUCTO, IDSUBGRUPO, IDPROPIETARIOS, IDSUCURSAL, IDUBICACION, IDMOTIVOMOVTO, IDPROVEEDOR, IDSTATUS, IDRESULTADOVALORACION, IDRESPONSABLE, FCCODIGOBARRAS, NMDESCRIPCION, FCCAJA, FCBUSQUEDA, FDFECREGISTRO, FDFECULTMOVTO, FDFECULTVALORACION, FCCODBAREXPED, FDFECPRESTAMO, FDFECDEVOLUCION, FDFECGESTIONADO, IDDESPACHO, FDDESPACHOGESTION, FCSTATUSGESTION, FCREINSERCION, FDFECREINSERCION, FCLWASOCIA, FCCALIFICACION, IDFOLIOCARGA, IDPROVEEDORACTIVOS, FCFACTURA, FDCOMPRAACTIVO) Values (PENDUPM.SEQINVENTARIOMAIN.NEXTVAL, 270,68, 270, NULL, 1, 102, 275, 'NOTIENE' ,68,NULL,353, '22004', 'Diadema', 'Diadema', 'Diadema',  TO_DATE('11/16/2017 11:02:20', 'MM/DD/YYYY HH24:MI:SS'), TO_DATE('11/16/2017 15:52:23', 'MM/DD/YYYY HH24:MI:SS'), NULL,NULL, NULL, NULL, NULL, '68',NULL, NULL, NULL, NULL, NULL,NULL,171, NULL, '43076' , 'CargaMasiva10');  "
26,EQUIPO DE COMPUTO,DIADEMA,492,353,Logitech/Logitech,Diadema,22005,10,,,45234976,07/12/2017,P001468,,",","Insert into PENDUPM.INVENTARIOMAIN(IDINVENTARIO,  IDAREAPRODUCTO, IDPRODUCTO, IDSUBGRUPO, IDPROPIETARIOS, IDSUCURSAL, IDUBICACION, IDMOTIVOMOVTO, IDPROVEEDOR, IDSTATUS, IDRESULTADOVALORACION, IDRESPONSABLE, FCCODIGOBARRAS, NMDESCRIPCION, FCCAJA, FCBUSQUEDA, FDFECREGISTRO, FDFECULTMOVTO, FDFECULTVALORACION, FCCODBAREXPED, FDFECPRESTAMO, FDFECDEVOLUCION, FDFECGESTIONADO, IDDESPACHO, FDDESPACHOGESTION, FCSTATUSGESTION, FCREINSERCION, FDFECREINSERCION, FCLWASOCIA, FCCALIFICACION, IDFOLIOCARGA, IDPROVEEDORACTIVOS, FCFACTURA, FDCOMPRAACTIVO) Values (PENDUPM.SEQINVENTARIOMAIN.NEXTVAL, 270,68, 270, NULL, 1, 102, 275, 'NOTIENE' ,68,NULL,353, '22005', 'Diadema', 'Diadema', 'Diadema',  TO_DATE('11/16/2017 11:02:20', 'MM/DD/YYYY HH24:MI:SS'), TO_DATE('11/16/2017 15:52:23', 'MM/DD/YYYY HH24:MI:SS'), NULL,NULL, NULL, NULL, NULL, '68',NULL, NULL, NULL, NULL, NULL,NULL,171, NULL, '43076' , 'CargaMasiva10');  "
27,EQUIPO DE COMPUTO,DIADEMA,492,353,Logitech/Logitech,Diadema,22006,10,,,45234976,07/12/2017,P001469,,",","Insert into PENDUPM.INVENTARIOMAIN(IDINVENTARIO,  IDAREAPRODUCTO, IDPRODUCTO, IDSUBGRUPO, IDPROPIETARIOS, IDSUCURSAL, IDUBICACION, IDMOTIVOMOVTO, IDPROVEEDOR, IDSTATUS, IDRESULTADOVALORACION, IDRESPONSABLE, FCCODIGOBARRAS, NMDESCRIPCION, FCCAJA, FCBUSQUEDA, FDFECREGISTRO, FDFECULTMOVTO, FDFECULTVALORACION, FCCODBAREXPED, FDFECPRESTAMO, FDFECDEVOLUCION, FDFECGESTIONADO, IDDESPACHO, FDDESPACHOGESTION, FCSTATUSGESTION, FCREINSERCION, FDFECREINSERCION, FCLWASOCIA, FCCALIFICACION, IDFOLIOCARGA, IDPROVEEDORACTIVOS, FCFACTURA, FDCOMPRAACTIVO) Values (PENDUPM.SEQINVENTARIOMAIN.NEXTVAL, 270,68, 270, NULL, 1, 102, 275, 'NOTIENE' ,68,NULL,353, '22006', 'Diadema', 'Diadema', 'Diadema',  TO_DATE('11/16/2017 11:02:20', 'MM/DD/YYYY HH24:MI:SS'), TO_DATE('11/16/2017 15:52:23', 'MM/DD/YYYY HH24:MI:SS'), NULL,NULL, NULL, NULL, NULL, '68',NULL, NULL, NULL, NULL, NULL,NULL,171, NULL, '43076' , 'CargaMasiva10');  "
28,EQUIPO DE COMPUTO,DIADEMA,492,353,Logitech/Logitech,Diadema,22007,10,,,45234976,07/12/2017,P001470,,",","Insert into PENDUPM.INVENTARIOMAIN(IDINVENTARIO,  IDAREAPRODUCTO, IDPRODUCTO, IDSUBGRUPO, IDPROPIETARIOS, IDSUCURSAL, IDUBICACION, IDMOTIVOMOVTO, IDPROVEEDOR, IDSTATUS, IDRESULTADOVALORACION, IDRESPONSABLE, FCCODIGOBARRAS, NMDESCRIPCION, FCCAJA, FCBUSQUEDA, FDFECREGISTRO, FDFECULTMOVTO, FDFECULTVALORACION, FCCODBAREXPED, FDFECPRESTAMO, FDFECDEVOLUCION, FDFECGESTIONADO, IDDESPACHO, FDDESPACHOGESTION, FCSTATUSGESTION, FCREINSERCION, FDFECREINSERCION, FCLWASOCIA, FCCALIFICACION, IDFOLIOCARGA, IDPROVEEDORACTIVOS, FCFACTURA, FDCOMPRAACTIVO) Values (PENDUPM.SEQINVENTARIOMAIN.NEXTVAL, 270,68, 270, NULL, 1, 102, 275, 'NOTIENE' ,68,NULL,353, '22007', 'Diadema', 'Diadema', 'Diadema',  TO_DATE('11/16/2017 11:02:20', 'MM/DD/YYYY HH24:MI:SS'), TO_DATE('11/16/2017 15:52:23', 'MM/DD/YYYY HH24:MI:SS'), NULL,NULL, NULL, NULL, NULL, '68',NULL, NULL, NULL, NULL, NULL,NULL,171, NULL, '43076' , 'CargaMasiva10');  "
29,EQUIPO DE COMPUTO,DIADEMA,492,353,Logitech/Logitech,Diadema,22008,10,,,45234976,07/12/2017,P001471,,",","Insert into PENDUPM.INVENTARIOMAIN(IDINVENTARIO,  IDAREAPRODUCTO, IDPRODUCTO, IDSUBGRUPO, IDPROPIETARIOS, IDSUCURSAL, IDUBICACION, IDMOTIVOMOVTO, IDPROVEEDOR, IDSTATUS, IDRESULTADOVALORACION, IDRESPONSABLE, FCCODIGOBARRAS, NMDESCRIPCION, FCCAJA, FCBUSQUEDA, FDFECREGISTRO, FDFECULTMOVTO, FDFECULTVALORACION, FCCODBAREXPED, FDFECPRESTAMO, FDFECDEVOLUCION, FDFECGESTIONADO, IDDESPACHO, FDDESPACHOGESTION, FCSTATUSGESTION, FCREINSERCION, FDFECREINSERCION, FCLWASOCIA, FCCALIFICACION, IDFOLIOCARGA, IDPROVEEDORACTIVOS, FCFACTURA, FDCOMPRAACTIVO) Values (PENDUPM.SEQINVENTARIOMAIN.NEXTVAL, 270,68, 270, NULL, 1, 102, 275, 'NOTIENE' ,68,NULL,353, '22008', 'Diadema', 'Diadema', 'Diadema',  TO_DATE('11/16/2017 11:02:20', 'MM/DD/YYYY HH24:MI:SS'), TO_DATE('11/16/2017 15:52:23', 'MM/DD/YYYY HH24:MI:SS'), NULL,NULL, NULL, NULL, NULL, '68',NULL, NULL, NULL, NULL, NULL,NULL,171, NULL, '43076' , 'CargaMasiva10');  "
30,EQUIPO DE COMPUTO,DIADEMA,492,353,Logitech/Logitech,Diadema,22009,10,,,45234976,07/12/2017,P001472,,",","Insert into PENDUPM.INVENTARIOMAIN(IDINVENTARIO,  IDAREAPRODUCTO, IDPRODUCTO, IDSUBGRUPO, IDPROPIETARIOS, IDSUCURSAL, IDUBICACION, IDMOTIVOMOVTO, IDPROVEEDOR, IDSTATUS, IDRESULTADOVALORACION, IDRESPONSABLE, FCCODIGOBARRAS, NMDESCRIPCION, FCCAJA, FCBUSQUEDA, FDFECREGISTRO, FDFECULTMOVTO, FDFECULTVALORACION, FCCODBAREXPED, FDFECPRESTAMO, FDFECDEVOLUCION, FDFECGESTIONADO, IDDESPACHO, FDDESPACHOGESTION, FCSTATUSGESTION, FCREINSERCION, FDFECREINSERCION, FCLWASOCIA, FCCALIFICACION, IDFOLIOCARGA, IDPROVEEDORACTIVOS, FCFACTURA, FDCOMPRAACTIVO) Values (PENDUPM.SEQINVENTARIOMAIN.NEXTVAL, 270,68, 270, NULL, 1, 102, 275, 'NOTIENE' ,68,NULL,353, '22009', 'Diadema', 'Diadema', 'Diadema',  TO_DATE('11/16/2017 11:02:20', 'MM/DD/YYYY HH24:MI:SS'), TO_DATE('11/16/2017 15:52:23', 'MM/DD/YYYY HH24:MI:SS'), NULL,NULL, NULL, NULL, NULL, '68',NULL, NULL, NULL, NULL, NULL,NULL,171, NULL, '43076' , 'CargaMasiva10');  "
31,EQUIPO DE COMPUTO,DIADEMA,492,353,Logitech/Logitech,Diadema,22010,10,,,45234976,07/12/2017,P001473,,",","Insert into PENDUPM.INVENTARIOMAIN(IDINVENTARIO,  IDAREAPRODUCTO, IDPRODUCTO, IDSUBGRUPO, IDPROPIETARIOS, IDSUCURSAL, IDUBICACION, IDMOTIVOMOVTO, IDPROVEEDOR, IDSTATUS, IDRESULTADOVALORACION, IDRESPONSABLE, FCCODIGOBARRAS, NMDESCRIPCION, FCCAJA, FCBUSQUEDA, FDFECREGISTRO, FDFECULTMOVTO, FDFECULTVALORACION, FCCODBAREXPED, FDFECPRESTAMO, FDFECDEVOLUCION, FDFECGESTIONADO, IDDESPACHO, FDDESPACHOGESTION, FCSTATUSGESTION, FCREINSERCION, FDFECREINSERCION, FCLWASOCIA, FCCALIFICACION, IDFOLIOCARGA, IDPROVEEDORACTIVOS, FCFACTURA, FDCOMPRAACTIVO) Values (PENDUPM.SEQINVENTARIOMAIN.NEXTVAL, 270,68, 270, NULL, 1, 102, 275, 'NOTIENE' ,68,NULL,353, '22010', 'Diadema', 'Diadema', 'Diadema',  TO_DATE('11/16/2017 11:02:20', 'MM/DD/YYYY HH24:MI:SS'), TO_DATE('11/16/2017 15:52:23', 'MM/DD/YYYY HH24:MI:SS'), NULL,NULL, NULL, NULL, NULL, '68',NULL, NULL, NULL, NULL, NULL,NULL,171, NULL, '43076' , 'CargaMasiva10');  "
32,EQUIPO DE COMPUTO,DIADEMA,492,353,Logitech/Logitech,Diadema,22011,10,,,45234976,07/12/2017,P001474,,",","Insert into PENDUPM.INVENTARIOMAIN(IDINVENTARIO,  IDAREAPRODUCTO, IDPRODUCTO, IDSUBGRUPO, IDPROPIETARIOS, IDSUCURSAL, IDUBICACION, IDMOTIVOMOVTO, IDPROVEEDOR, IDSTATUS, IDRESULTADOVALORACION, IDRESPONSABLE, FCCODIGOBARRAS, NMDESCRIPCION, FCCAJA, FCBUSQUEDA, FDFECREGISTRO, FDFECULTMOVTO, FDFECULTVALORACION, FCCODBAREXPED, FDFECPRESTAMO, FDFECDEVOLUCION, FDFECGESTIONADO, IDDESPACHO, FDDESPACHOGESTION, FCSTATUSGESTION, FCREINSERCION, FDFECREINSERCION, FCLWASOCIA, FCCALIFICACION, IDFOLIOCARGA, IDPROVEEDORACTIVOS, FCFACTURA, FDCOMPRAACTIVO) Values (PENDUPM.SEQINVENTARIOMAIN.NEXTVAL, 270,68, 270, NULL, 1, 102, 275, 'NOTIENE' ,68,NULL,353, '22011', 'Diadema', 'Diadema', 'Diadema',  TO_DATE('11/16/2017 11:02:20', 'MM/DD/YYYY HH24:MI:SS'), TO_DATE('11/16/2017 15:52:23', 'MM/DD/YYYY HH24:MI:SS'), NULL,NULL, NULL, NULL, NULL, '68',NULL, NULL, NULL, NULL, NULL,NULL,171, NULL, '43076' , 'CargaMasiva10');  "
33,EQUIPO DE COMPUTO,DIADEMA,492,353,Logitech/Logitech,Diadema,22012,10,,,45234976,07/12/2017,P001475,,",","Insert into PENDUPM.INVENTARIOMAIN(IDINVENTARIO,  IDAREAPRODUCTO, IDPRODUCTO, IDSUBGRUPO, IDPROPIETARIOS, IDSUCURSAL, IDUBICACION, IDMOTIVOMOVTO, IDPROVEEDOR, IDSTATUS, IDRESULTADOVALORACION, IDRESPONSABLE, FCCODIGOBARRAS, NMDESCRIPCION, FCCAJA, FCBUSQUEDA, FDFECREGISTRO, FDFECULTMOVTO, FDFECULTVALORACION, FCCODBAREXPED, FDFECPRESTAMO, FDFECDEVOLUCION, FDFECGESTIONADO, IDDESPACHO, FDDESPACHOGESTION, FCSTATUSGESTION, FCREINSERCION, FDFECREINSERCION, FCLWASOCIA, FCCALIFICACION, IDFOLIOCARGA, IDPROVEEDORACTIVOS, FCFACTURA, FDCOMPRAACTIVO) Values (PENDUPM.SEQINVENTARIOMAIN.NEXTVAL, 270,68, 270, NULL, 1, 102, 275, 'NOTIENE' ,68,NULL,353, '22012', 'Diadema', 'Diadema', 'Diadema',  TO_DATE('11/16/2017 11:02:20', 'MM/DD/YYYY HH24:MI:SS'), TO_DATE('11/16/2017 15:52:23', 'MM/DD/YYYY HH24:MI:SS'), NULL,NULL, NULL, NULL, NULL, '68',NULL, NULL, NULL, NULL, NULL,NULL,171, NULL, '43076' , 'CargaMasiva10');  "
34,EQUIPO DE COMPUTO,DIADEMA,492,353,Logitech/Logitech,Diadema,22013,10,,,45234976,07/12/2017,P001476,,",","Insert into PENDUPM.INVENTARIOMAIN(IDINVENTARIO,  IDAREAPRODUCTO, IDPRODUCTO, IDSUBGRUPO, IDPROPIETARIOS, IDSUCURSAL, IDUBICACION, IDMOTIVOMOVTO, IDPROVEEDOR, IDSTATUS, IDRESULTADOVALORACION, IDRESPONSABLE, FCCODIGOBARRAS, NMDESCRIPCION, FCCAJA, FCBUSQUEDA, FDFECREGISTRO, FDFECULTMOVTO, FDFECULTVALORACION, FCCODBAREXPED, FDFECPRESTAMO, FDFECDEVOLUCION, FDFECGESTIONADO, IDDESPACHO, FDDESPACHOGESTION, FCSTATUSGESTION, FCREINSERCION, FDFECREINSERCION, FCLWASOCIA, FCCALIFICACION, IDFOLIOCARGA, IDPROVEEDORACTIVOS, FCFACTURA, FDCOMPRAACTIVO) Values (PENDUPM.SEQINVENTARIOMAIN.NEXTVAL, 270,68, 270, NULL, 1, 102, 275, 'NOTIENE' ,68,NULL,353, '22013', 'Diadema', 'Diadema', 'Diadema',  TO_DATE('11/16/2017 11:02:20', 'MM/DD/YYYY HH24:MI:SS'), TO_DATE('11/16/2017 15:52:23', 'MM/DD/YYYY HH24:MI:SS'), NULL,NULL, NULL, NULL, NULL, '68',NULL, NULL, NULL, NULL, NULL,NULL,171, NULL, '43076' , 'CargaMasiva10');  "
35,EQUIPO DE COMPUTO,DIADEMA,492,353,Logitech/Logitech,Diadema,22014,10,,,45234976,07/12/2017,P001477,,",","Insert into PENDUPM.INVENTARIOMAIN(IDINVENTARIO,  IDAREAPRODUCTO, IDPRODUCTO, IDSUBGRUPO, IDPROPIETARIOS, IDSUCURSAL, IDUBICACION, IDMOTIVOMOVTO, IDPROVEEDOR, IDSTATUS, IDRESULTADOVALORACION, IDRESPONSABLE, FCCODIGOBARRAS, NMDESCRIPCION, FCCAJA, FCBUSQUEDA, FDFECREGISTRO, FDFECULTMOVTO, FDFECULTVALORACION, FCCODBAREXPED, FDFECPRESTAMO, FDFECDEVOLUCION, FDFECGESTIONADO, IDDESPACHO, FDDESPACHOGESTION, FCSTATUSGESTION, FCREINSERCION, FDFECREINSERCION, FCLWASOCIA, FCCALIFICACION, IDFOLIOCARGA, IDPROVEEDORACTIVOS, FCFACTURA, FDCOMPRAACTIVO) Values (PENDUPM.SEQINVENTARIOMAIN.NEXTVAL, 270,68, 270, NULL, 1, 102, 275, 'NOTIENE' ,68,NULL,353, '22014', 'Diadema', 'Diadema', 'Diadema',  TO_DATE('11/16/2017 11:02:20', 'MM/DD/YYYY HH24:MI:SS'), TO_DATE('11/16/2017 15:52:23', 'MM/DD/YYYY HH24:MI:SS'), NULL,NULL, NULL, NULL, NULL, '68',NULL, NULL, NULL, NULL, NULL,NULL,171, NULL, '43076' , 'CargaMasiva10');  "
36,EQUIPO DE COMPUTO,DIADEMA,492,353,Logitech/Logitech,Diadema,22015,10,,,45235366,07/12/2017,P001478,,",","Insert into PENDUPM.INVENTARIOMAIN(IDINVENTARIO,  IDAREAPRODUCTO, IDPRODUCTO, IDSUBGRUPO, IDPROPIETARIOS, IDSUCURSAL, IDUBICACION, IDMOTIVOMOVTO, IDPROVEEDOR, IDSTATUS, IDRESULTADOVALORACION, IDRESPONSABLE, FCCODIGOBARRAS, NMDESCRIPCION, FCCAJA, FCBUSQUEDA, FDFECREGISTRO, FDFECULTMOVTO, FDFECULTVALORACION, FCCODBAREXPED, FDFECPRESTAMO, FDFECDEVOLUCION, FDFECGESTIONADO, IDDESPACHO, FDDESPACHOGESTION, FCSTATUSGESTION, FCREINSERCION, FDFECREINSERCION, FCLWASOCIA, FCCALIFICACION, IDFOLIOCARGA, IDPROVEEDORACTIVOS, FCFACTURA, FDCOMPRAACTIVO) Values (PENDUPM.SEQINVENTARIOMAIN.NEXTVAL, 270,68, 270, NULL, 1, 102, 275, 'NOTIENE' ,68,NULL,353, '22015', 'Diadema', 'Diadema', 'Diadema',  TO_DATE('11/16/2017 11:02:20', 'MM/DD/YYYY HH24:MI:SS'), TO_DATE('11/16/2017 15:52:23', 'MM/DD/YYYY HH24:MI:SS'), NULL,NULL, NULL, NULL, NULL, '68',NULL, NULL, NULL, NULL, NULL,NULL,171, NULL, '43076' , 'CargaMasiva10');  "
37,EQUIPO DE COMPUTO,DIADEMA,492,353,Logitech/Logitech,Diadema,22016,10,,,45235366,07/12/2017,P001479,,",","Insert into PENDUPM.INVENTARIOMAIN(IDINVENTARIO,  IDAREAPRODUCTO, IDPRODUCTO, IDSUBGRUPO, IDPROPIETARIOS, IDSUCURSAL, IDUBICACION, IDMOTIVOMOVTO, IDPROVEEDOR, IDSTATUS, IDRESULTADOVALORACION, IDRESPONSABLE, FCCODIGOBARRAS, NMDESCRIPCION, FCCAJA, FCBUSQUEDA, FDFECREGISTRO, FDFECULTMOVTO, FDFECULTVALORACION, FCCODBAREXPED, FDFECPRESTAMO, FDFECDEVOLUCION, FDFECGESTIONADO, IDDESPACHO, FDDESPACHOGESTION, FCSTATUSGESTION, FCREINSERCION, FDFECREINSERCION, FCLWASOCIA, FCCALIFICACION, IDFOLIOCARGA, IDPROVEEDORACTIVOS, FCFACTURA, FDCOMPRAACTIVO) Values (PENDUPM.SEQINVENTARIOMAIN.NEXTVAL, 270,68, 270, NULL, 1, 102, 275, 'NOTIENE' ,68,NULL,353, '22016', 'Diadema', 'Diadema', 'Diadema',  TO_DATE('11/16/2017 11:02:20', 'MM/DD/YYYY HH24:MI:SS'), TO_DATE('11/16/2017 15:52:23', 'MM/DD/YYYY HH24:MI:SS'), NULL,NULL, NULL, NULL, NULL, '68',NULL, NULL, NULL, NULL, NULL,NULL,171, NULL, '43076' , 'CargaMasiva10');  "
38,EQUIPO DE COMPUTO,DIADEMA,492,353,Logitech/Logitech,Diadema,22017,10,,,45235366,07/12/2017,P001480,,",","Insert into PENDUPM.INVENTARIOMAIN(IDINVENTARIO,  IDAREAPRODUCTO, IDPRODUCTO, IDSUBGRUPO, IDPROPIETARIOS, IDSUCURSAL, IDUBICACION, IDMOTIVOMOVTO, IDPROVEEDOR, IDSTATUS, IDRESULTADOVALORACION, IDRESPONSABLE, FCCODIGOBARRAS, NMDESCRIPCION, FCCAJA, FCBUSQUEDA, FDFECREGISTRO, FDFECULTMOVTO, FDFECULTVALORACION, FCCODBAREXPED, FDFECPRESTAMO, FDFECDEVOLUCION, FDFECGESTIONADO, IDDESPACHO, FDDESPACHOGESTION, FCSTATUSGESTION, FCREINSERCION, FDFECREINSERCION, FCLWASOCIA, FCCALIFICACION, IDFOLIOCARGA, IDPROVEEDORACTIVOS, FCFACTURA, FDCOMPRAACTIVO) Values (PENDUPM.SEQINVENTARIOMAIN.NEXTVAL, 270,68, 270, NULL, 1, 102, 275, 'NOTIENE' ,68,NULL,353, '22017', 'Diadema', 'Diadema', 'Diadema',  TO_DATE('11/16/2017 11:02:20', 'MM/DD/YYYY HH24:MI:SS'), TO_DATE('11/16/2017 15:52:23', 'MM/DD/YYYY HH24:MI:SS'), NULL,NULL, NULL, NULL, NULL, '68',NULL, NULL, NULL, NULL, NULL,NULL,171, NULL, '43076' , 'CargaMasiva10');  "
39,EQUIPO DE COMPUTO,DIADEMA,492,353,Logitech/Logitech,Diadema,22018,10,,,45235366,07/12/2017,P001481,,",","Insert into PENDUPM.INVENTARIOMAIN(IDINVENTARIO,  IDAREAPRODUCTO, IDPRODUCTO, IDSUBGRUPO, IDPROPIETARIOS, IDSUCURSAL, IDUBICACION, IDMOTIVOMOVTO, IDPROVEEDOR, IDSTATUS, IDRESULTADOVALORACION, IDRESPONSABLE, FCCODIGOBARRAS, NMDESCRIPCION, FCCAJA, FCBUSQUEDA, FDFECREGISTRO, FDFECULTMOVTO, FDFECULTVALORACION, FCCODBAREXPED, FDFECPRESTAMO, FDFECDEVOLUCION, FDFECGESTIONADO, IDDESPACHO, FDDESPACHOGESTION, FCSTATUSGESTION, FCREINSERCION, FDFECREINSERCION, FCLWASOCIA, FCCALIFICACION, IDFOLIOCARGA, IDPROVEEDORACTIVOS, FCFACTURA, FDCOMPRAACTIVO) Values (PENDUPM.SEQINVENTARIOMAIN.NEXTVAL, 270,68, 270, NULL, 1, 102, 275, 'NOTIENE' ,68,NULL,353, '22018', 'Diadema', 'Diadema', 'Diadema',  TO_DATE('11/16/2017 11:02:20', 'MM/DD/YYYY HH24:MI:SS'), TO_DATE('11/16/2017 15:52:23', 'MM/DD/YYYY HH24:MI:SS'), NULL,NULL, NULL, NULL, NULL, '68',NULL, NULL, NULL, NULL, NULL,NULL,171, NULL, '43076' , 'CargaMasiva10');  "
40,EQUIPO DE COMPUTO,DIADEMA,492,353,Logitech/Logitech,Diadema,22019,10,,,45235366,07/12/2017,P001482,,",","Insert into PENDUPM.INVENTARIOMAIN(IDINVENTARIO,  IDAREAPRODUCTO, IDPRODUCTO, IDSUBGRUPO, IDPROPIETARIOS, IDSUCURSAL, IDUBICACION, IDMOTIVOMOVTO, IDPROVEEDOR, IDSTATUS, IDRESULTADOVALORACION, IDRESPONSABLE, FCCODIGOBARRAS, NMDESCRIPCION, FCCAJA, FCBUSQUEDA, FDFECREGISTRO, FDFECULTMOVTO, FDFECULTVALORACION, FCCODBAREXPED, FDFECPRESTAMO, FDFECDEVOLUCION, FDFECGESTIONADO, IDDESPACHO, FDDESPACHOGESTION, FCSTATUSGESTION, FCREINSERCION, FDFECREINSERCION, FCLWASOCIA, FCCALIFICACION, IDFOLIOCARGA, IDPROVEEDORACTIVOS, FCFACTURA, FDCOMPRAACTIVO) Values (PENDUPM.SEQINVENTARIOMAIN.NEXTVAL, 270,68, 270, NULL, 1, 102, 275, 'NOTIENE' ,68,NULL,353, '22019', 'Diadema', 'Diadema', 'Diadema',  TO_DATE('11/16/2017 11:02:20', 'MM/DD/YYYY HH24:MI:SS'), TO_DATE('11/16/2017 15:52:23', 'MM/DD/YYYY HH24:MI:SS'), NULL,NULL, NULL, NULL, NULL, '68',NULL, NULL, NULL, NULL, NULL,NULL,171, NULL, '43076' , 'CargaMasiva10');  "
41,EQUIPO DE COMPUTO,DIADEMA,492,353,Logitech/Logitech,Diadema,22020,10,,,45235366,07/12/2017,P001483,,",","Insert into PENDUPM.INVENTARIOMAIN(IDINVENTARIO,  IDAREAPRODUCTO, IDPRODUCTO, IDSUBGRUPO, IDPROPIETARIOS, IDSUCURSAL, IDUBICACION, IDMOTIVOMOVTO, IDPROVEEDOR, IDSTATUS, IDRESULTADOVALORACION, IDRESPONSABLE, FCCODIGOBARRAS, NMDESCRIPCION, FCCAJA, FCBUSQUEDA, FDFECREGISTRO, FDFECULTMOVTO, FDFECULTVALORACION, FCCODBAREXPED, FDFECPRESTAMO, FDFECDEVOLUCION, FDFECGESTIONADO, IDDESPACHO, FDDESPACHOGESTION, FCSTATUSGESTION, FCREINSERCION, FDFECREINSERCION, FCLWASOCIA, FCCALIFICACION, IDFOLIOCARGA, IDPROVEEDORACTIVOS, FCFACTURA, FDCOMPRAACTIVO) Values (PENDUPM.SEQINVENTARIOMAIN.NEXTVAL, 270,68, 270, NULL, 1, 102, 275, 'NOTIENE' ,68,NULL,353, '22020', 'Diadema', 'Diadema', 'Diadema',  TO_DATE('11/16/2017 11:02:20', 'MM/DD/YYYY HH24:MI:SS'), TO_DATE('11/16/2017 15:52:23', 'MM/DD/YYYY HH24:MI:SS'), NULL,NULL, NULL, NULL, NULL, '68',NULL, NULL, NULL, NULL, NULL,NULL,171, NULL, '43076' , 'CargaMasiva10');  "
42,EQUIPO DE COMPUTO,DIADEMA,492,353,Logitech/Logitech,Diadema,22021,10,,,45235366,07/12/2017,P001484,,",","Insert into PENDUPM.INVENTARIOMAIN(IDINVENTARIO,  IDAREAPRODUCTO, IDPRODUCTO, IDSUBGRUPO, IDPROPIETARIOS, IDSUCURSAL, IDUBICACION, IDMOTIVOMOVTO, IDPROVEEDOR, IDSTATUS, IDRESULTADOVALORACION, IDRESPONSABLE, FCCODIGOBARRAS, NMDESCRIPCION, FCCAJA, FCBUSQUEDA, FDFECREGISTRO, FDFECULTMOVTO, FDFECULTVALORACION, FCCODBAREXPED, FDFECPRESTAMO, FDFECDEVOLUCION, FDFECGESTIONADO, IDDESPACHO, FDDESPACHOGESTION, FCSTATUSGESTION, FCREINSERCION, FDFECREINSERCION, FCLWASOCIA, FCCALIFICACION, IDFOLIOCARGA, IDPROVEEDORACTIVOS, FCFACTURA, FDCOMPRAACTIVO) Values (PENDUPM.SEQINVENTARIOMAIN.NEXTVAL, 270,68, 270, NULL, 1, 102, 275, 'NOTIENE' ,68,NULL,353, '22021', 'Diadema', 'Diadema', 'Diadema',  TO_DATE('11/16/2017 11:02:20', 'MM/DD/YYYY HH24:MI:SS'), TO_DATE('11/16/2017 15:52:23', 'MM/DD/YYYY HH24:MI:SS'), NULL,NULL, NULL, NULL, NULL, '68',NULL, NULL, NULL, NULL, NULL,NULL,171, NULL, '43076' , 'CargaMasiva10');  "
43,EQUIPO DE COMPUTO,DIADEMA,492,353,Logitech/Logitech,Diadema,22022,10,,,45235366,07/12/2017,P001485,,",","Insert into PENDUPM.INVENTARIOMAIN(IDINVENTARIO,  IDAREAPRODUCTO, IDPRODUCTO, IDSUBGRUPO, IDPROPIETARIOS, IDSUCURSAL, IDUBICACION, IDMOTIVOMOVTO, IDPROVEEDOR, IDSTATUS, IDRESULTADOVALORACION, IDRESPONSABLE, FCCODIGOBARRAS, NMDESCRIPCION, FCCAJA, FCBUSQUEDA, FDFECREGISTRO, FDFECULTMOVTO, FDFECULTVALORACION, FCCODBAREXPED, FDFECPRESTAMO, FDFECDEVOLUCION, FDFECGESTIONADO, IDDESPACHO, FDDESPACHOGESTION, FCSTATUSGESTION, FCREINSERCION, FDFECREINSERCION, FCLWASOCIA, FCCALIFICACION, IDFOLIOCARGA, IDPROVEEDORACTIVOS, FCFACTURA, FDCOMPRAACTIVO) Values (PENDUPM.SEQINVENTARIOMAIN.NEXTVAL, 270,68, 270, NULL, 1, 102, 275, 'NOTIENE' ,68,NULL,353, '22022', 'Diadema', 'Diadema', 'Diadema',  TO_DATE('11/16/2017 11:02:20', 'MM/DD/YYYY HH24:MI:SS'), TO_DATE('11/16/2017 15:52:23', 'MM/DD/YYYY HH24:MI:SS'), NULL,NULL, NULL, NULL, NULL, '68',NULL, NULL, NULL, NULL, NULL,NULL,171, NULL, '43076' , 'CargaMasiva10');  "
44,EQUIPO DE COMPUTO,DIADEMA,492,353,Logitech/Logitech,Diadema,22023,10,,,45235366,07/12/2017,P001486,,",","Insert into PENDUPM.INVENTARIOMAIN(IDINVENTARIO,  IDAREAPRODUCTO, IDPRODUCTO, IDSUBGRUPO, IDPROPIETARIOS, IDSUCURSAL, IDUBICACION, IDMOTIVOMOVTO, IDPROVEEDOR, IDSTATUS, IDRESULTADOVALORACION, IDRESPONSABLE, FCCODIGOBARRAS, NMDESCRIPCION, FCCAJA, FCBUSQUEDA, FDFECREGISTRO, FDFECULTMOVTO, FDFECULTVALORACION, FCCODBAREXPED, FDFECPRESTAMO, FDFECDEVOLUCION, FDFECGESTIONADO, IDDESPACHO, FDDESPACHOGESTION, FCSTATUSGESTION, FCREINSERCION, FDFECREINSERCION, FCLWASOCIA, FCCALIFICACION, IDFOLIOCARGA, IDPROVEEDORACTIVOS, FCFACTURA, FDCOMPRAACTIVO) Values (PENDUPM.SEQINVENTARIOMAIN.NEXTVAL, 270,68, 270, NULL, 1, 102, 275, 'NOTIENE' ,68,NULL,353, '22023', 'Diadema', 'Diadema', 'Diadema',  TO_DATE('11/16/2017 11:02:20', 'MM/DD/YYYY HH24:MI:SS'), TO_DATE('11/16/2017 15:52:23', 'MM/DD/YYYY HH24:MI:SS'), NULL,NULL, NULL, NULL, NULL, '68',NULL, NULL, NULL, NULL, NULL,NULL,171, NULL, '43076' , 'CargaMasiva10');  "
45,EQUIPO DE COMPUTO,DIADEMA,492,353,Logitech/Logitech,Diadema,22024,10,,,45235366,07/12/2017,P001487,,",","Insert into PENDUPM.INVENTARIOMAIN(IDINVENTARIO,  IDAREAPRODUCTO, IDPRODUCTO, IDSUBGRUPO, IDPROPIETARIOS, IDSUCURSAL, IDUBICACION, IDMOTIVOMOVTO, IDPROVEEDOR, IDSTATUS, IDRESULTADOVALORACION, IDRESPONSABLE, FCCODIGOBARRAS, NMDESCRIPCION, FCCAJA, FCBUSQUEDA, FDFECREGISTRO, FDFECULTMOVTO, FDFECULTVALORACION, FCCODBAREXPED, FDFECPRESTAMO, FDFECDEVOLUCION, FDFECGESTIONADO, IDDESPACHO, FDDESPACHOGESTION, FCSTATUSGESTION, FCREINSERCION, FDFECREINSERCION, FCLWASOCIA, FCCALIFICACION, IDFOLIOCARGA, IDPROVEEDORACTIVOS, FCFACTURA, FDCOMPRAACTIVO) Values (PENDUPM.SEQINVENTARIOMAIN.NEXTVAL, 270,68, 270, NULL, 1, 102, 275, 'NOTIENE' ,68,NULL,353, '22024', 'Diadema', 'Diadema', 'Diadema',  TO_DATE('11/16/2017 11:02:20', 'MM/DD/YYYY HH24:MI:SS'), TO_DATE('11/16/2017 15:52:23', 'MM/DD/YYYY HH24:MI:SS'), NULL,NULL, NULL, NULL, NULL, '68',NULL, NULL, NULL, NULL, NULL,NULL,171, NULL, '43076' , 'CargaMasiva10');  "
46,EQUIPO DE COMPUTO,DIADEMA,492,353,Logitech/Logitech,Diadema,22025,10,,,45235366,07/12/2017,P001488,,",","Insert into PENDUPM.INVENTARIOMAIN(IDINVENTARIO,  IDAREAPRODUCTO, IDPRODUCTO, IDSUBGRUPO, IDPROPIETARIOS, IDSUCURSAL, IDUBICACION, IDMOTIVOMOVTO, IDPROVEEDOR, IDSTATUS, IDRESULTADOVALORACION, IDRESPONSABLE, FCCODIGOBARRAS, NMDESCRIPCION, FCCAJA, FCBUSQUEDA, FDFECREGISTRO, FDFECULTMOVTO, FDFECULTVALORACION, FCCODBAREXPED, FDFECPRESTAMO, FDFECDEVOLUCION, FDFECGESTIONADO, IDDESPACHO, FDDESPACHOGESTION, FCSTATUSGESTION, FCREINSERCION, FDFECREINSERCION, FCLWASOCIA, FCCALIFICACION, IDFOLIOCARGA, IDPROVEEDORACTIVOS, FCFACTURA, FDCOMPRAACTIVO) Values (PENDUPM.SEQINVENTARIOMAIN.NEXTVAL, 270,68, 270, NULL, 1, 102, 275, 'NOTIENE' ,68,NULL,353, '22025', 'Diadema', 'Diadema', 'Diadema',  TO_DATE('11/16/2017 11:02:20', 'MM/DD/YYYY HH24:MI:SS'), TO_DATE('11/16/2017 15:52:23', 'MM/DD/YYYY HH24:MI:SS'), NULL,NULL, NULL, NULL, NULL, '68',NULL, NULL, NULL, NULL, NULL,NULL,171, NULL, '43076' , 'CargaMasiva10');  "
47,EQUIPO DE COMPUTO,DIADEMA,492,353,Logitech/Logitech,Diadema,22026,10,,,45235366,07/12/2017,P001489,,",","Insert into PENDUPM.INVENTARIOMAIN(IDINVENTARIO,  IDAREAPRODUCTO, IDPRODUCTO, IDSUBGRUPO, IDPROPIETARIOS, IDSUCURSAL, IDUBICACION, IDMOTIVOMOVTO, IDPROVEEDOR, IDSTATUS, IDRESULTADOVALORACION, IDRESPONSABLE, FCCODIGOBARRAS, NMDESCRIPCION, FCCAJA, FCBUSQUEDA, FDFECREGISTRO, FDFECULTMOVTO, FDFECULTVALORACION, FCCODBAREXPED, FDFECPRESTAMO, FDFECDEVOLUCION, FDFECGESTIONADO, IDDESPACHO, FDDESPACHOGESTION, FCSTATUSGESTION, FCREINSERCION, FDFECREINSERCION, FCLWASOCIA, FCCALIFICACION, IDFOLIOCARGA, IDPROVEEDORACTIVOS, FCFACTURA, FDCOMPRAACTIVO) Values (PENDUPM.SEQINVENTARIOMAIN.NEXTVAL, 270,68, 270, NULL, 1, 102, 275, 'NOTIENE' ,68,NULL,353, '22026', 'Diadema', 'Diadema', 'Diadema',  TO_DATE('11/16/2017 11:02:20', 'MM/DD/YYYY HH24:MI:SS'), TO_DATE('11/16/2017 15:52:23', 'MM/DD/YYYY HH24:MI:SS'), NULL,NULL, NULL, NULL, NULL, '68',NULL, NULL, NULL, NULL, NULL,NULL,171, NULL, '43076' , 'CargaMasiva10');  "
48,EQUIPO DE COMPUTO,DIADEMA,492,353,Logitech/Logitech,Diadema,22027,10,,,45235366,07/12/2017,P001490,,",","Insert into PENDUPM.INVENTARIOMAIN(IDINVENTARIO,  IDAREAPRODUCTO, IDPRODUCTO, IDSUBGRUPO, IDPROPIETARIOS, IDSUCURSAL, IDUBICACION, IDMOTIVOMOVTO, IDPROVEEDOR, IDSTATUS, IDRESULTADOVALORACION, IDRESPONSABLE, FCCODIGOBARRAS, NMDESCRIPCION, FCCAJA, FCBUSQUEDA, FDFECREGISTRO, FDFECULTMOVTO, FDFECULTVALORACION, FCCODBAREXPED, FDFECPRESTAMO, FDFECDEVOLUCION, FDFECGESTIONADO, IDDESPACHO, FDDESPACHOGESTION, FCSTATUSGESTION, FCREINSERCION, FDFECREINSERCION, FCLWASOCIA, FCCALIFICACION, IDFOLIOCARGA, IDPROVEEDORACTIVOS, FCFACTURA, FDCOMPRAACTIVO) Values (PENDUPM.SEQINVENTARIOMAIN.NEXTVAL, 270,68, 270, NULL, 1, 102, 275, 'NOTIENE' ,68,NULL,353, '22027', 'Diadema', 'Diadema', 'Diadema',  TO_DATE('11/16/2017 11:02:20', 'MM/DD/YYYY HH24:MI:SS'), TO_DATE('11/16/2017 15:52:23', 'MM/DD/YYYY HH24:MI:SS'), NULL,NULL, NULL, NULL, NULL, '68',NULL, NULL, NULL, NULL, NULL,NULL,171, NULL, '43076' , 'CargaMasiva10');  "
49,EQUIPO DE COMPUTO,DIADEMA,492,353,Logitech/Logitech,Diadema,22028,10,,,45235366,07/12/2017,P001491,,",","Insert into PENDUPM.INVENTARIOMAIN(IDINVENTARIO,  IDAREAPRODUCTO, IDPRODUCTO, IDSUBGRUPO, IDPROPIETARIOS, IDSUCURSAL, IDUBICACION, IDMOTIVOMOVTO, IDPROVEEDOR, IDSTATUS, IDRESULTADOVALORACION, IDRESPONSABLE, FCCODIGOBARRAS, NMDESCRIPCION, FCCAJA, FCBUSQUEDA, FDFECREGISTRO, FDFECULTMOVTO, FDFECULTVALORACION, FCCODBAREXPED, FDFECPRESTAMO, FDFECDEVOLUCION, FDFECGESTIONADO, IDDESPACHO, FDDESPACHOGESTION, FCSTATUSGESTION, FCREINSERCION, FDFECREINSERCION, FCLWASOCIA, FCCALIFICACION, IDFOLIOCARGA, IDPROVEEDORACTIVOS, FCFACTURA, FDCOMPRAACTIVO) Values (PENDUPM.SEQINVENTARIOMAIN.NEXTVAL, 270,68, 270, NULL, 1, 102, 275, 'NOTIENE' ,68,NULL,353, '22028', 'Diadema', 'Diadema', 'Diadema',  TO_DATE('11/16/2017 11:02:20', 'MM/DD/YYYY HH24:MI:SS'), TO_DATE('11/16/2017 15:52:23', 'MM/DD/YYYY HH24:MI:SS'), NULL,NULL, NULL, NULL, NULL, '68',NULL, NULL, NULL, NULL, NULL,NULL,171, NULL, '43076' , 'CargaMasiva10');  "
50,EQUIPO DE COMPUTO,DIADEMA,492,353,Logitech/Logitech,Diadema inalambrica,22029,10,,,45235366,07/12/2017,P001492,,",","Insert into PENDUPM.INVENTARIOMAIN(IDINVENTARIO,  IDAREAPRODUCTO, IDPRODUCTO, IDSUBGRUPO, IDPROPIETARIOS, IDSUCURSAL, IDUBICACION, IDMOTIVOMOVTO, IDPROVEEDOR, IDSTATUS, IDRESULTADOVALORACION, IDRESPONSABLE, FCCODIGOBARRAS, NMDESCRIPCION, FCCAJA, FCBUSQUEDA, FDFECREGISTRO, FDFECULTMOVTO, FDFECULTVALORACION, FCCODBAREXPED, FDFECPRESTAMO, FDFECDEVOLUCION, FDFECGESTIONADO, IDDESPACHO, FDDESPACHOGESTION, FCSTATUSGESTION, FCREINSERCION, FDFECREINSERCION, FCLWASOCIA, FCCALIFICACION, IDFOLIOCARGA, IDPROVEEDORACTIVOS, FCFACTURA, FDCOMPRAACTIVO) Values (PENDUPM.SEQINVENTARIOMAIN.NEXTVAL, 270,68, 270, NULL, 1, 102, 275, 'NOTIENE' ,68,NULL,353, '22029', 'Diadema inalambrica', 'Diadema inalambrica', 'Diadema inalambrica',  TO_DATE('11/16/2017 11:02:20', 'MM/DD/YYYY HH24:MI:SS'), TO_DATE('11/16/2017 15:52:23', 'MM/DD/YYYY HH24:MI:SS'), NULL,NULL, NULL, NULL, NULL, '68',NULL, NULL, NULL, NULL, NULL,NULL,171, NULL, '43076' , 'CargaMasiva10');  "
